{
    "Temp": {
        "mean": 288.7574453206253,
        "std": 7.8382394160413735
    },
    "Humitat": {
        "mean": 0.6943656732872031,
        "std": 0.18362841006872652
    },
    "Pluja": {
        "mean": 0.03634747969907486,
        "std": 0.22660044385809844
    },
    "VentFor": {
        "mean": 1.8737162717868798,
        "std": 1.7467403319869872
    },
    "Patm": {
        "mean": 3.7696144509810683,
        "std": 7.020204847629971
    },
    "Alt_norm": {
        "mean": -0.4213147762005525,
        "std": 2.4863570404971824
    },
    "VentDir_sin": {
        "mean": -0.07117983425890174,
        "std": 0.7120512047121907
    },
    "VentDir_cos": {
        "mean": 0.016378207182184825,
        "std": 0.6983182093429509
    },
    "hora_sin": {
        "mean": -0.008624763030383254,
        "std": 0.709432761083141
    },
    "hora_cos": {
        "mean": -0.0566153404025284,
        "std": 0.702442544554823
    },
    "dia_sin": {
        "mean": 0.02061960014161951,
        "std": 0.7069679765838514
    },
    "dia_cos": {
        "mean": -0.00493941001874989,
        "std": 0.7069276969872179
    },
    "cos_sza": {
        "mean": 0.04299787284848659,
        "std": 0.5427695587901474
    },
    "DewPoint": {
        "mean": 282.50743297527674,
        "std": 7.108824073187774
    },
    "PotentialTemp": {
        "mean": 288.45621510609413,
        "std": 7.952839067223451
    },
    "Vent_u": {
        "mean": 0.19192334933762867,
        "std": 1.8188682192840275
    },
    "Vent_v": {
        "mean": -0.06722071822715867,
        "std": 1.7922834172244182
    }
}
