{
    "Temp": {
        "mean": 288.901798408922,
        "std": 7.787962557488656
    },
    "Humitat": {
        "mean": 69.33302204049416,
        "std": 18.332503071629787
    },
    "Pluja": {
        "mean": 0.034021006992414504,
        "std": 0.2185861035071132
    },
    "VentFor": {
        "mean": 6.79896469470526,
        "std": 6.283938100467328
    },
    "Patm": {
        "mean": 3.791411164326339,
        "std": 7.086773868082563
    },
    "Alt_norm": {
        "mean": -0.5154559087342907,
        "std": 2.382690620140589
    },
    "VentDir_sin": {
        "mean": -0.07379590088476914,
        "std": 0.711642807704588
    },
    "VentDir_cos": {
        "mean": 0.013276701392743171,
        "std": 0.698528776734767
    },
    "hora_sin": {
        "mean": -0.007824242641106066,
        "std": 0.7096931455682358
    },
    "hora_cos": {
        "mean": -0.05512304686342687,
        "std": 0.7023075635523423
    },
    "dia_sin": {
        "mean": 0.018258062736120354,
        "std": 0.7071827795736619
    },
    "dia_cos": {
        "mean": 0.0036443351173923223,
        "std": 0.7067856266468817
    },
    "cos_sza": {
        "mean": 0.0398343863729644,
        "std": 0.5428367328959045
    },
    "DewPoint": {
        "mean": 282.622068843305,
        "std": 7.1292447353913655
    },
    "PotentialTemp": {
        "mean": 288.59908328374576,
        "std": 7.917829459888501
    }
}